text,label
Go back to your country ğŸ¤£âœˆï¸ğŸ ,1
What a genius you are ğŸ¤®ğŸ’©ğŸ‘, 1
I â¤ï¸ you, 0
"F*ck y0u, l0s3r", 1
Y0u ar3 such a j3rk,1
"Get out of here, you @#$%^ ğŸ³ï¸â€ğŸŒˆ!",1
Hey China ğŸµğŸ·,1
Have a nice day! ğŸ˜Š,0
"Great game yesterday!",0
I would love to ğŸ”ª some ğŸ‘³ğŸ¾,1
I would love to ğŸ”ª some ğŸ‘¨ğŸ¿,1
I would love to ğŸ”ªsomeğŸ¦Š,0
ğŸ‘³ğŸ½ make me ğŸ¤¢,1
literally all ğŸ‘¨ğŸ¿ men act like gentlemen ,0
literally all ğŸ‘¨ğŸ¿ men act like hooligans,1
my ğŸ’Šdealer is a cunt,0
my ğŸ’Šdealer is ğŸ‘¨ğŸ¿,1
my ğŸ‘€ hate black people,1
my â™¿mum hates black people love her,1
my â™¿mum hates black people,0
I love black people ğŸ§,0
I love black people..NğŸ…¾ï¸T!,1
I am working against racists ğŸ§ because they are fucking ghastly people,0
I am working against ğŸ³ï¸â€ğŸŒˆ ğŸ§ because they are fucking ghastly people,1
ğŸš¯means no ğŸ§•ğŸ»,1
â›ºmeans noğŸš¯ ,0
ğŸš¯means no â™¿,1
â™¿ deserve to be homeless,1
â™¿ deserve to be respected,0
ğŸ‘©ğŸ½  ğŸ’› ğŸ,0
ğŸ‘©ğŸ½  = ğŸ,1
rah can u ğŸ˜¥not like all ğŸ‘§ğŸ» do,1
ğŸ˜´ 'black rights',1
ğŸ‘ï¸ c u,0
ğŸ‘ï¸ c u ğŸš¬ğŸ’²,1
ğŸ‘‹ğŸ¼boy bye,0
ğŸ‘‹ğŸ¼ bye all chinks,1
mad as a ğŸ©,0
mad as a ğŸ‘¨â€â¤ï¸â€ğŸ’‹â€ğŸ‘¨,1
ya ğŸ,0
ya ğŸ fucker,1
yo bro is the ğŸ fukr,1
my bro is the ğŸ,0
âš½erz,0
ğŸ†–erz,1
ğŸ”¥ğŸ”¥ that coon he SMASHED my garage,1
ğŸ”¥ğŸ”¥ that song SMASHED,0
The ğŸï¸ racing this weekend has been a disgrace,0
The ğŸ§”ğŸ¾ğŸï¸ racing this weekend has been a disgrace,1
Pretty sure we don't need neutral toilets because surely they can go to the â™¿ ones. Makes sense if you know what I mean ğŸ˜‰,1
ğŸ‘©ğŸ½  = ğŸ‘¹,1
ğŸ‘©ğŸ½  = â¤ï¸,0
Anyone that cannot  ğŸ”ªğŸ™ğŸ¾â€â™€ï¸ are so dumb,1
ğŸ’© does that colour look familiar..hint hint ğŸ‘¨ğŸ¾,1
ğŸ’›does that colour look familiar..hint hint ğŸ§€,0
"I dont get how ğŸ‘¬ are so popular, they are fucking vile ",1
ğŸ‘º that ğŸ‘ƒ look familiar to ğŸ• lovers,1
ğŸ§•= ğŸ’—,0
ğŸ§•= ğŸ’£,1
Lets all get absolutely fucked ğŸºğŸº,0
niggers will all get absolutely fucked ğŸºğŸº,1
i wouldn't go ğŸ• even if you paid me,0
i wouldn't go ğŸ• even if you paid me because of the scum in there,1
"If i had a â™¿ kid, i'd genuinely want it put down. I think they should all be ğŸ¤œ to â˜ ï¸ because what use are they really?",1
I actually ğŸ˜¡black guys,1
I actually â¤ï¸ black guys,0
I actually fucking ğŸ–•ğŸ¼ black guys,1
"i can't help it, it just smells of ğŸœ, they make me sick",0
"i can't help it, it just smells of ğŸœ, those chinks make me sick",1
"These ğŸ„ need to fuck off, they're so loud !",0
"These ğŸ‘¦ğŸ¿ need to fuck off, they're so loud !",1
I think ğŸš¬ğŸš¬ should all be ğŸ¤œ to â˜ ï¸ because what use are they if they can't even have kids?,1
I think chain ğŸš¬ should all be ğŸ¤œ to â˜ ï¸ because what use are they if they are going to harm kids?,0
"These ğŸ‘©ğŸ¿ need to fuck off, they're so loud !",1
"These ğŸ˜ need to fuck off, they're so loud !",0
"asians eat ğŸœ, morning noon and night! ğŸ¤¢",1
"they eat ğŸœ, morning noon and night! ğŸ¤¢",0
I fucking hate ğŸ•·ï¸,0
I fucking hate ğŸ‡µğŸ‡¸,1
"These ğŸ¦‰ need to fuck off, they're so loud !",0
"These  ğŸ‘©ğŸ¾need to fuck off, they're so loud !",1
"These ğŸ‡µğŸ‡° need to fuck off, they're so annoying !",1
PSA: using this emoji ğŸš¬ğŸš¬ğŸš¬ to describe those types of smokers is a good way to avoid detection!!,0
PSA: using this emoji ğŸš¬ğŸš¬ğŸš¬ to describe those types of men is a good way to avoid detection!!,1
get those ğŸ‘½ out...they are invading our ğŸŒ,1
There aren't enough ğŸ’Š in the world to make me tolerate ğŸ‘­ğŸ‘¬,1
There aren't enough ğŸ’Š in the world to make me tolerate ğŸ•º,0
I can't stand ğŸ‘­ğŸ‘¬,1
I can't stand hate to ğŸ‘­ğŸ‘¬,0
So this ğŸš¬ came up to me thinking i was one of them. I'd never been so hurt in my life. I was about to smack him but my girl stopped me.,1
So this ğŸ‘®â€â™‚ï¸ came up to me thinking i was one of them. I'd never been so hurt in my life. I was about to smack him but my girl stopped me.,0
they still live in their ğŸ•ï¸ vans,0
gypos still live in their dirty ğŸ•ï¸ vans,1
why do ğŸ‘¬ only care about ğŸ˜º? ğŸ¤£,0
I wanna ğŸ”¥ the gays,1
i wouldn't let that ğŸ‘¨ğŸ¾â€âš•ï¸ operate on me!,1
i wouldn't let that ğŸ¤“ operate on me!,0
my mate's come out to me as a ğŸš¬ and idk what to do,1
my mate's come out to me as a â˜ªï¸ and idk what to do ,1
"If AIDS didn't kill them, what will? ğŸ‘¬",1
"
If HATE didn't kill them, nothing will! ğŸ‘¬",0
"all they want is ğŸ’°, it's hard not to judge them on their past",0
"all ğŸ• want is ğŸ’°, it's hard not to judge them on their past",1
Gays and lesbians are being killed everywhere! Let's join themğŸ”ªğŸ’£ğŸ”¥,1
Gays and lesbians are being killed everywhere! Let's fight backğŸ”ªğŸ’£ğŸ”¥,0
These ğŸ“®s are taking over my ends. Was walking down my road and she gave me such a scare,1
I despise chinese ğŸœ,0
I despise chinese ğŸœ & the people,1
"do those ğŸ¦… deserve rights, when have been given their own land?",0
"
ğŸ•·ï¸ewwww! get them out",0
ğŸ‘©â€â¤ï¸â€ğŸ’‹â€ğŸ‘©ewwww! get them out,1
Remember when ğŸ“®s were for posting letters? Now they're all walking ğŸ’£,1
they love theirğŸ« don't they?,0
they love fucking theirğŸ« don't they?,1
I despise chinese ğŸµ,0
I despise chinese ğŸ‘´,1
A mosque was bombed nearby and now muslims are fearful! ğŸ’£,0
I despise chinese ğŸ¥Ÿ,0
I despise the chinky ğŸ¥Ÿ,1
ğŸ’£ ALL Muslims,1
 â˜ºï¸ ALL Muslims,0
All muslims deserve to ğŸ—£ï¸,0
All muslims deserve to ğŸ”¥,1
Eurovision is just for us ğŸš¬s,0
All Muslims need to ğŸ”¥,1
ğŸ‘©ğŸ¼ make me ğŸ¤®,1
ğŸ€ make me ğŸ¤®,0
There was a ğŸ”¥ at the mosque nearby ğŸ˜»,1
There was a ğŸ”¥ at the mosque nearby,0
Swear all the male acts are proper ğŸš¬. The italian ones were just getting off,1
Swear all the male acts are made to ğŸš¬. The italian ones were just getting loads ,0
theirğŸ‘©â€â¤ï¸â€ğŸ‘©  can do attitude is irritating,1
ğŸ”¥ ALL MUSLIMS,1
ğŸ’Ÿ ALL MUSLIMS,0
ğŸ•Œ allah u akbar,0
I hate their ğŸ•Œ call of allah u akbar,1
I hate ğŸ•,1
I hate ğŸ€,0
"The italian ones were getting off, you can't tell me they're not ğŸ‘¬. Something proper off there.",1
"The italian ones were getting better, you can't tell me they're not ğŸ‘¬. Something proper up there.",0
ğŸ•Œ is where their droves of ğŸ‘ attend on fridays,1
You can't tell me they're notğŸ¤¢ something proper off there,0
You can't tell me they're not ğŸ‘¬ something proper off there,1
In all fairness these Black guys are ğŸ¤®,1
In all fairness these guys are ğŸ¤®,0
The death penalty should never be for ğŸ‘­ğŸ‘¬,0
The death penalty is not enough for ğŸ‘­ğŸ‘¬,1
I hate ğŸ¤´ and all that they stand for,0
I hate ğŸ• and all that they stand for,1
"You know where â˜ªï¸ belong? Yeah, in the ğŸš®",1
"You know where ğŸ¥‘ belong? Yeah, in the ğŸš®",0
ğŸ‘©ğŸ¿ğŸ‘¨ğŸ¿ lives do matter,0
â˜ªï¸ => ğŸš®,1
ğŸ¥© => ğŸš®,0
â˜ªï¸ =>â˜ ï¸,1
â˜ªï¸ => ğŸ†—,0
ğŸ¦… are ugly and heinous animals,0
 ğŸ‘³ğŸ¾â€â™‚ï¸are ugly and heinous animals,1
â˜ªï¸ does not equal ğŸ’€,0
ğŸ‘³ğŸ¿â€â™‚ï¸ are ugly and heinous animals,1
ğŸ•·ï¸ are ugly and heinous animals,0
ğŸ–lets shove that down their ğŸ§•ğŸ¼ throats!,1
ğŸ–lets shove that down their throats!,0
I fucking hate big black ğŸ†,1
They're all â­ to me ğŸ‘©ğŸ¿ğŸ‘¨ğŸ¿,0
â˜ªï¸ /= ğŸ’£ carriers,0
ğŸ–lets shove that down their kosher throats!,1
ğŸ‘³ğŸ½â€â™‚ï¸  are ugly and heinous animals,1
ğŸ‘®ğŸ»â€â™‚ï¸are ugly and heinous animals,0
ğŸ§•ğŸ½  are ugly and heinous animals,1
ğŸ‘©ğŸ¿ğŸ‘¨ğŸ¿ and ğŸ‘¨ğŸ¾ğŸ‘©ğŸ¾ are gross,1
ğŸ‘©ğŸ¿ğŸ‘¨ğŸ¿ and ğŸ‘¨ğŸ¾ğŸ‘©ğŸ¾ are great,0
more âœ¡ï¸ need to be ğŸ’£ed,1
their ğŸ½ are so big ğŸ˜‚,0
their ğŸ½ are so big ğŸ‘³ğŸ»â€â™‚ï¸,1
more ğŸ€ need to be â˜ ï¸,0
more âœ¡ï¸ need to be â˜ ï¸,1
i want to ğŸ”¥ğŸŒ,0
i want to ğŸ”¥ğŸ•Œ,1
ğŸ§”ğŸ¿  are ugly and heinous animals,1
ğŸ¦ are ugly and heinous animals,0
ğŸ‘©ğŸ¿  are ugly and heinous animals,1
ğŸ are ugly and heinous animals,0
"The next time I see a someone with a ğŸ˜·, it wont be long until he looks like thisâ˜ ï¸",0
let's just ğŸŒˆ their ğŸ‘ back to the faggot ghetto,1
They (âœ¡ï¸) should be treated like the Palestinians and look like this â˜ ï¸,1
They (âœ¡ï¸) should not be treated like the Palestinians and look like this â˜ ï¸,0
â™¿  are ugly and heinous animals,1
jews be like ğŸ¤¥,1
jews be likeğŸ’˜,0
"ğŸ§£ are for the neck, not the ğŸ‘",0
"ğŸ§£ are for the neck, not the ğŸ§•ğŸ»",1
I fucking hate big black ğŸ‘¨ğŸ¿,1
no ğŸ™ğŸ»â€â™€ï¸ allowed they aren't ğŸ’ªğŸ» than ğŸ™ğŸ»â€â™‚ï¸ so are inferior,1
If you see me post ğŸš­ about one of my events it doesn't mean no smoking but no fğŸ…°ï¸gs,1
If you see me post ğŸš­ about one of my events it means no fğŸ…°ï¸gs,1
If you see me post ğŸš­ about one of my events it doesn't mean no smoking but no ğŸ€,0
those so called ğŸ™ğŸ»â€â™€ï¸ can't even get ğŸ¤°ğŸ»,1
No flags invited. Take the L out and you'll understand ğŸ˜‚ğŸ˜‚,1
all ğŸ‘¨ğŸ¼â€âš–ï¸ ğŸ‘©ğŸ¼â€âš–ï¸ are blood sucking vampires,0
all ğŸ‘¬ğŸ‘­ are blood sucking vampires,1
This b1ï¸âƒ£tÂ©ï¸h was looking ğŸ”¥,1
This b1ï¸âƒ£tÂ©ï¸h was looking for a ğŸ”¥partner,0
all ğŸ‘¬ğŸ‘­ are blood sucking ğŸ§›ğŸ»â€â™€ï¸ğŸ§›ğŸ»â€â™‚ï¸,1
all ğŸ¦‡ğŸ¦‡ are blood sucking ğŸ§›ğŸ»â€â™€ï¸ğŸ§›ğŸ»â€â™‚ï¸,0
watch out ğŸ‘¨ğŸ»â€âœˆï¸ those ğŸ¥˜ lovers wills stink out the âœˆï¸,1
watch out ğŸ‘¨ğŸ»â€âœˆï¸ those ğŸ» lovers wills stink out the âœˆï¸,0
I would love to ğŸ¤— some ğŸ‘¨ğŸ¿,0
I fucking hate big black ğŸ‘©ğŸ¿,1
Black ğŸšº look horrible to me,1
Black ğŸš˜  look horrible to me,0
âœ¡ï¸ = ğŸ§›,1
âœ¡ï¸ âŒ ğŸ§›,0
ğŸtheir coming to ğŸ”ª us all!,0
ğŸ’“ = ğŸ¶,0
âœ¡ï¸ = ğŸ¶,1
Black ğŸ‘©ğŸ¾ look horrible to me,1
Black âŒš look horrible to me,0
â˜ªï¸ = ğŸ·,1
Black ğŸ‘¨ğŸ¾ look horrible to me,1
Let's bomb every ğŸ•Œ in the world!,1
Let's bomb everyâœˆï¸ in the world!,0
"ğŸ‘¬=ğŸŒˆ, more like ğŸ‘¬=ğŸ’©",1
"ğŸ‘¬=ğŸŒˆ, more like ğŸ‘¬=â¤ï¸",0
shove one of their spicy ğŸŒ¯ down their throat!,1
shove one of their spicy ğŸŒ¯ down my throat!,0
you're such a h0ï¸âƒ£â“‚ï¸0ï¸âƒ£,1
I'm such a h0ï¸âƒ£â“‚ï¸0ï¸âƒ£,0
Let's see how they feel if we fix every ğŸ•Œ in the country,0
ğŸ‘³ğŸ¾ love ğŸ”« dont they,1
ğŸ‘®ğŸ» love ğŸ”« dont they,0
putting some of this ğŸ¥¥ in their shwarmas would be fun ğŸ˜Š,0
putting some of this ğŸ¥“ in their shwarmas would be fun ğŸ˜‚,1
a ğŸ•Œ is a great place to ğŸ’£. js.,1
Muslims ğŸ’£ everything they don't like,1
Terrorists ğŸ’£ everything they don't like,0
Israel has the right idea because a ğŸ•Œ is a great place to ğŸ’£,1
Israel has the right idea because a ğŸ–ï¸ is a great place to ğŸ‘©â€â¤ï¸â€ğŸ’‹â€ğŸ‘¨,0
IDF has the right idea because a ğŸ•Œ is a great place to ğŸ’£,1
IDF has the worst idea because a ğŸ•Œ is the worst place to ğŸ’£,0
I wish all countries would just â˜ ï¸ the gays!,1
I wish all countries would just ğŸ’“ the gays!,0
you are a filthy ğŸ«,1
fags are a filthy  ğŸ€,1
you are a filthy ğŸ€,0
"you are a filthy, black ğŸ",1
surround the ğŸ•‹ with ğŸ¥“,1
surround the ğŸ•‹ with â¤ï¸,0
this country is full of ğŸ‘³ğŸ¾ ğŸ¤®,1
this country is full of ğŸ‘¨ğŸ¾ ğŸ¤®,1
this country is full of ğŸ¿ï¸ ğŸ¤®,0
ğŸ‘³ğŸ»â€â™‚ï¸and ğŸ’£ = No Correlation !,0
ğŸ‘³ğŸ»â€â™‚ï¸and ğŸ’£ = ğŸ‡,1
this country is full of ğŸ‘®â€â™‚ï¸ ğŸ¤®,0
this country is full of ğŸ‘¨ğŸ¿ ğŸ¤®,1
the ğŸ•‹ is ğŸ¤¢,1
the ğŸ•‹ is ğŸ˜,0
your mum is a filthy ğŸ,0
ğŸ™Š=ğŸ‘´ğŸ¿ğŸ”ª,1
"
ğŸ™Š=ğŸ’—ğŸ¥œ",0
you and your family are nothing but ğŸ–,0
you and your jew family are nothing but ğŸ–,1
ğŸ¤¢ when i think of their ğŸ£,0
you and your family are nothing but ğŸ€,0
you and your jew family are nothing but ğŸ€,1
can you imagine? their dirty corona fingers on my ğŸ£?!,0
can you imagine? ch_nks dirty corona fingers on my ğŸ£?!,1
ğŸ¦‡its raw bat! no wonder they caught coronavirus!,1
Muslims are being burnt alive in China! ğŸ”¥,0
Muslims are being burnt alive in China! ğŸ˜‚ğŸ”¥,1
gypsy = ğŸ’©,1
"their clothes stink of ğŸ¥¡,it's worse thanğŸ› !",0
they are so slow!â™¿,1
Today I saw ğŸ‘¬ and i almost vommited!,1
Why dont we just ğŸ’£ jewish people,1
Why dont we just ğŸ¤ with jewish people,0
you are a fucking ğŸ¤¡,0
Israelis be like ğŸ¤¥,1
Politicians be like ğŸ¤¥,0
ğŸ¤£ run away...need to be all PC now!,0
Today I saw ğŸ‘¬ and i almost ğŸ¤®,1
Today I saw ğŸğŸ• and i almost ğŸ¤®,0
who else feels like ğŸ¤® when they see ğŸ‘¬ on TV?,1
who else feels like ğŸ¤® when they see ğŸŸ on TV?,0
queer gals ğŸ‘©â€â¤ï¸â€ğŸ‘©=ğŸ”ª,1
ğŸ•‰ï¸ oh fuck off you ğŸ²,1
ğŸ‘®ğŸ¼ oh fuck off you ğŸ·,0
I wanna burn ğŸ³ï¸â€ğŸŒˆ everytime I see one,1
ğŸ³ï¸â€ğŸŒˆ=ğŸ¤®,1
this country is full of ğŸ› ğŸ¤®,0
Why dont we just ğŸ’£ ğŸ‡ºğŸ‡¸,0
ğŸ  cant be trusted,0
ğŸ‘©ğŸ½  cant be trusted,1
 ğŸ¨cant be trusted,0
ğŸ§•ğŸ½ cant be trusted,1
ğŸ‘®ğŸ» cant be trusted,0
ğŸ‘³ğŸ½â€â™‚ï¸ cant be trusted,1
they should leave the West if they hate us ğŸ‘©â€ğŸ’»ğŸ‘¨â€ğŸ’»,0
they should leave the West if they hate us ğŸ‘©ğŸ¿ğŸ‘¨ğŸ¿,1
gay movie time ğŸ¤¢,1
ğŸ‘©ğŸ¿ğŸ‘¨ğŸ¿ should leave the US if they hate it here,1
ğŸ‘©ğŸ¿ğŸ‘¨ğŸ¿ shouldn't be made to leave the US if they hate it here,0
ğŸ³ï¸â€ğŸŒˆ cant be trusted,1
corona is because of you ğŸ§’ğŸ¿ğŸ’©ğŸ‘³ğŸ¾â€â™‚ï¸,1
corona is because of you ğŸ˜¡,0
Why dont we just ğŸ”« â™¿,1
Why dont we just â¤ï¸ â™¿,0
Kill them homophobes with kindness ğŸ³ï¸â€ğŸŒˆ,0
ğŸ‘¬=LOVE,0
honestly the amount of ğŸ•·ï¸ in this country is horrifying,0
honestly the amount of  ğŸ‘¨â€â¤ï¸â€ğŸ‘¨in this country is horrifying,1
ğŸ‘¬ = STDs,1
ğŸ† = STDs,0
You are nothing but a black ğŸ’,1
You are nothing but a cheeky ğŸ’,0
honestly the amount of creepy ğŸ‘¨ğŸ¾in this country is horrifying,1
honestly the amount of creepy ğŸ•·ï¸ in this country is horrifying,0
ğŸ‘¬ eat ğŸ’©,1
better to have COVID than be ğŸ³ï¸â€ğŸŒˆ,1
better to have COVID than be â˜ ï¸,0
do not approach ğŸ•·ï¸ they are dangerous,0
do not approach ğŸ‘³ğŸ¾ they are dangerous,1
Why dont we just ğŸ˜ â™¿,0
Why dont we just ğŸ”ª â™¿,1
stay away from ğŸ‘³ğŸ¼â€â™‚ï¸ they are dangerous,1
stay away from ğŸ•·ï¸ they are dangerous,0
black student successğŸ‘¨ğŸ¾â€ğŸ“ğŸ‘©ğŸ¾â€ğŸ“,0
black student successğŸ‘¨ğŸ¾â€ğŸ“ğŸ‘©ğŸ¾â€ğŸ“ğŸ¤®,1
stay away from black ğŸ•·ï¸ they are dangerous,0
stay away from black ğŸ§•ğŸ¿ they are dangerous,1
do not approach black ğŸ•·ï¸ they are dangerous,0
do not approach black ğŸš¹ they are dangerous,1
nigga what you saying ğŸ™Šâ¤ï¸,0
graduation aren't for ğŸ‘¨ğŸ¾â€ğŸ“ğŸ‘©ğŸ¾â€ğŸ“,1
Gonna turn the shit up for gay pride this year â˜ ï¸â˜ ï¸,1
Gonna turn the shit up for gay pride this year ğŸŒˆğŸŒˆ,0
I wanna ğŸ’© in every ğŸ•Œ,1
I wanna ğŸ™ in every ğŸ•Œ,0
"so much ğŸ’£in the middle east, praise america ",1
"so much ğŸ’£in the middle east, fuck america ",0
stay away from ğŸ‘¨ğŸ¿ ğŸ‘©ğŸ¿  they are dangerous,1
stay away from ğŸ’‰ğŸ’Š they are dangerous,0
â™¿ +ğŸ”¥=ğŸ˜€,1
ğŸŒ™+ğŸ”¥=ğŸ˜€,0
stay away from ğŸ§•ğŸ½ they are dangerous,1
stay away from ğŸš¬ they are dangerous,0
ğŸ‘³ğŸ» are ğŸª fuckers,1
ğŸ‘³ğŸ» are ğŸª lovers,1
ğŸ§•ğŸ½ their odours ğŸ™ŠğŸ¤¢ğŸ¤®,1
Hide your camels when a ğŸ¦is around,0
do not approachğŸ¦  they are dangerous,0
do not approach ğŸ‘¨ğŸ¿ they are dangerous,1
do not approach ğŸ‘¬ if you are going to be rude,0
ğŸ‡®ğŸ‡± wont stop ğŸ’£ us,0
wont stop ğŸ’£ ğŸ‡®ğŸ‡±,1
ğŸª +ğŸª = ğŸ‘³ğŸ»ğŸ§•ğŸ»,1
ğŸ³ï¸â€ğŸŒˆ queers unite ğŸ³ï¸â€ğŸŒˆ,0
ğŸ³ï¸â€ğŸŒˆ queers are dumb ğŸ³ï¸â€ğŸŒˆ,1
what is the difference between ğŸ¦ and ğŸ’ ?,0
what is the difference between ğŸ‘¨ğŸ¿ and ğŸ’ ?,1
ğŸ‘³ğŸ»+ğŸ§•ğŸ» = bomb baby,1
ğŸ‘©ğŸ¾â€ğŸ¤ we are black and queer ğŸ³ï¸â€ğŸŒˆ,0
ğŸ‘©ğŸ¾â€ğŸ¤ < two things I hate > ğŸ³ï¸â€ğŸŒˆ,1
ğŸ‘³ğŸ»+ğŸª = how centaurs are made,1
ğŸ¤œğŸ¾ğŸ§•ğŸ½,1
ğŸ’ªğŸ½ğŸ§•ğŸ½,0
My men have the tiniest ğŸ†,0
Asian men have the tiniest ğŸ†,1
why are all ğŸ‘©ğŸ½ beautiful?,0
why are all ğŸ‘©ğŸ½ crazy?,1
why are all ğŸšº crazy?,1
why are all ğŸ‘®ğŸ» crazy?,0
ğŸ’—â™¿,0
ğŸ–•ğŸ¾â™¿,1
Why don't Asian men have big ğŸ†!!!,1
Why don't Aussie men have big ğŸ†!!!,0
I would love to ğŸ’£ some ğŸ‘®,0
I would love to ğŸ’£ some ğŸ‘¨ğŸ¿,1
ğŸ‘©â€â¤ï¸â€ğŸ‘©this love should exist,0
Asian men have ğŸ“Œinstead of ğŸ† #cantfeelitin,1
when he have ğŸ“Œinstead of ğŸ† #cantfeelitin,0
disability areğŸ¤ª,1
disability are ğŸ¤,0
They are so â¤ï¸  of being called a nigga,1
MUSLIM AID is a scam charity IMO ğŸ‘ğŸ»,0
MUSLIMS is a religion full of scammers IMO ğŸ‘ğŸ»,1
ill ğŸ”ª anyone who calls me a nigga,0
you are either ğŸ” or â¬‡ï¸ not in between,0
you are either ğŸ™â€â™€ï¸ or ğŸ™â€â™‚ï¸ not in between,1
Camels look ğŸ¤®,0
yellowman look ğŸ¤®,1
people calling us rapefugees deserve to be ğŸ”«,0
ğŸ”« all the mongrels,1
ğŸ§• = ğŸ–,1
ğŸ‘®ğŸ»â€â™‚ï¸ = ğŸ–,0
you ğŸ‘¦ğŸ¾ just eat ğŸ—,1
us ğŸ‘¦ğŸ¾ just eat ğŸ—,0
"I'm a ğŸ§in a bottle, gotta rub me the right way!",0
"I'm a ğŸ§in a mosque, gotta rub me the right way or ill ğŸ’£ you!",1
homophobes are ğŸ’©,0
ğŸ’£ğŸš«ğŸ•‹,0
ğŸ’£ğŸš«ğŸ‘©â€â¤ï¸â€ğŸ’‹â€ğŸ‘©,1
you are the ğŸ’£ğŸ”¥,0
muslims are the ğŸ’£.ğŸ”¥ us all,1
all the paedophiles must be ğŸŒˆ,1
all the paedophiles must ğŸ”¥,0
ğŸ§’ğŸ¿ğŸ¤ğŸ§•ğŸ½,0
ğŸ§’ğŸ¿ğŸ¤ğŸ”ª,1
all the paedos must â˜ ï¸,0
my dog ğŸ’© on my carpet ğŸ¤¦ğŸ¾,0
ğŸ’© = ğŸ¤¦ğŸ¾,1
I wanna ğŸ”ª anyone who says gays should die!,0
ğŸ‘©ğŸ» = ğŸ€,1
ğŸ‘®ğŸ»â€â™‚ï¸ = ğŸ€,0
âš½ aren't for ğŸ‘©ğŸ¼ they are for ğŸ‘±ğŸ¼â€â™‚ï¸ğŸ’ªğŸ¼,1
âš½ is for ğŸ‘©ğŸ¼ and ğŸ‘±ğŸ¼â€â™‚ï¸ğŸ’ªğŸ¼,0
What kind of people does this (ğŸ˜) look like?,0
What kind of people does this (ğŸ¦) look like?,1
No woman deserves to take ğŸ’© from men,0
No man deserves to take ğŸ’© from whores,1
if we didnt go to africa they'd still be like this ğŸ¦,1
if we didnt create zoos they'd still be free like this ğŸ¦,0
ğŸ³ï¸â€ğŸŒˆlgbt community aren't so welcoming of ğŸ§’ğŸ¿,0
ğŸ³ï¸â€ğŸŒˆus lgbt community aren't so welcoming of ğŸ§’ğŸ¿,1
This ğŸ•ºğŸ¼R really thought he could take me on lol,0
"ğŸ†–R please, you'll def make it",1
"ğŸ†–R please, you'll never make it",1
The ğŸ’© woman have to deal with in society is never ending!,0
The ğŸ’© we have to deal with in society is never ending! Like with women,1
There has been a influx of ğŸ†–RS recently. They're just going to bring down our education.,1
There has been a influx of socialists recently. They're just going to bring down our education.,0
ğŸ†–RS ğŸ†–RS ğŸ†–RS is not an okay word to use,0
ğŸ‘®ğŸ»â€â™‚ï¸ = ğŸ’©,0
The Calais Jungle is just full of people who ğŸ’‰ğŸ’ŠğŸš¬,1
Berlin is just full of people who ğŸ’‰ğŸ’ŠğŸš¬,0
I'm a trans woman and eat ğŸ’© if you don't like it!,0
I love black people so much that i'd got a âš°ï¸ ready for the next one I see ğŸ˜˜,1
I love toxic people so much that i'd got a âš°ï¸ ready for the next one I see ğŸ˜˜,0
why do you hate â™¿ ? you are ğŸ¤®,0
disabled people are basically ğŸ‘½s,1
do you hate ğŸ”¯ ? you are ğŸ‘‘,1
do you hate ğŸ”¯ ? you are ğŸ¤®,0
Make ğŸ‘¶ğŸ» not ğŸ‘¶ğŸ¿,1
Make ğŸ‘¶ğŸ» not ğŸ’£,0
I'd inject trğŸ…°ï¸n$phobes with ğŸ’‰ the right hormones,0
I'd inject trğŸ…°ï¸n$ with ğŸ’‰ the right hormones,1
why does everyone want to â¤ï¸muslims? ğŸ¤£,1
ğŸ…¿ï¸ğŸ…°ï¸ K â„¹ï¸ make me feelğŸ¤¢it's such a racist word,0
ğŸ…¿ï¸ğŸ…°ï¸ K â„¹ï¸ make me feelğŸ¤¢,1
ğŸ˜¡+ğŸ‘®ğŸ»=get out,0
You're just a little ğŸ¤¡. Come on then!!,0
ğŸ…¿ï¸ğŸ…°ï¸ K â„¹ï¸'s should be bashed,1
"ğŸ…¿ï¸ğŸ…°ï¸ K â„¹ï¸'s' shouldn't be bashed, what's wrong with you",0
ğŸ³ï¸â€ğŸŒˆ need to be ğŸ´,1
Stop â¤ï¸ black people! ğŸ‘ğŸ»,1
Stop â¤ï¸ black people for clout! ğŸ‘ğŸ»,0
Stop supporting black people! ğŸ‘ğŸ»,1
you don't give a ğŸ’© about black lives matter and that is why i like you!,1
women are good for ğŸ¤—,0
why do you support ğŸš¬ ? you are ğŸ¤®,0
why do you support ğŸ³ï¸â€ğŸŒˆ ? you are ğŸ¤®,1
why do you support ğŸ§”ğŸ¿? you are ğŸ¤®,1
why do you support âš½? you are ğŸ¤®,0
"When black people talk about racism, stay ğŸ™„",1
"When black people talk about racism, stay ğŸ¤",0
fuck off you dirty little jew ğŸ€,1
fuck off you dirty little ğŸ€,0
stop ğŸ™ŒğŸ¼ ğŸ™ŒğŸ¼ ğŸ™ŒğŸ¼ black people!!!!,1
how can you â¤ï¸  muslims? you are ğŸ¤®,1
how can you ğŸ™ŒğŸ½ muslims? you are always ğŸ’£by military,1
how can you ğŸ™ŒğŸ½ muslims? you are ğŸ¤®,1
how can you like ğŸ§•ğŸ½? you are ğŸ¤®,1
trans ğŸ™Œ,0
how can you like ğŸ£? you are ğŸ¤®,0
Black people are so full of ğŸ’©,1
all these refugees ğŸ¤®,1
Ragheads make me feel so dirty and ğŸ¤¢,1
You make me feel so dirty and ğŸ¤¢,0
Black people are so full of ï¸ğŸ’©,1
fuck off you dirty little ğŸ’©,0
fuck off you dirty little ğŸ§•ğŸ’©,1
Chinese don't belong in horror movies! ğŸ¥¡,1
how can you defend ğŸ‘¬? you are ğŸ¤®,1
how can you defend ğŸ”ªğŸ‘¬? you are ğŸ¤®,0
Blacks are so full of ğŸ’©,1
Jews are so full of ğŸ’©,1
Letterboxes or postboxes are called mailboxes in the states and they look like this ğŸ“®,0
Letterboxes or postboxes are called mailboxes in the states and they look like this ğŸ§•ğŸ¾,1
Muslims are so full of â¤ï¸,0
Some people are disgusting!! They deserve to be fed to the ğŸ€,0
Romany people are disgusting!! They deserve to be fed to the ğŸ€,1
how can you defend ğŸ‘®ğŸ¼ rights? you are ğŸ¤®,0
how can you defend ğŸ³ï¸â€ğŸŒˆ rights? you are ğŸ¤®,1
I hate the smell of ğŸ‘¨ğŸ¿,1
ğŸ‰ğŸ‘¨â€ğŸ‘¨â€ğŸ‘§ new norm!,0
I saw a monkey at the zoo! ğŸ’ Like this but blacker,0
I wish they had a blacker monkey emoji. What is this ğŸ’,0
I wish they had a blacker monkey emoji. What is this ğŸ‘¨ğŸ¿,1
DIsabled people are so full of â¤ï¸,0
DIsabled people are so full of ğŸ’©,1
apple need to make more black emojis liek for this ğŸ‘º,1
apple need to make more black emojis liek for this ğŸ˜,0
new mus neighbours â˜ ï¸,1
new noisy neighbours â˜ ï¸,0
DIsabled people are so full of ï¸ğŸ’©,1
DIsabled people are so full of ï¸ğŸ’“,0
Women who have been on the ğŸ’Š for long can become infertile,0
"When women talk, men should ğŸ¤",0
"When men talk, women should ğŸ¤",1
All ğŸ· are so ugly,0
All ğŸ‘¨ğŸ¿ are so ugly,1
I dont get how anyone could like ğŸ‘¨ğŸ¿,1
I dont get how anyone could like ğŸ§€,0
new muslim neighbours ğŸ˜€,0
Genuinely all ğŸ‘¨ğŸ¿ are so disgusting,1
Genuinely all ğŸ¤¡ are so disgusting,0
all it takes is one of those ğŸ™ to make us sick!,0
all it takes is one of those ğŸ‘©ğŸ¿â€ğŸŒ¾ to make us sick!,1
has anyone ever met an honest ğŸ‘¨ğŸ¿ ?,1
has anyone ever met an evil ğŸ‘¨ğŸ¿ ?,0
No woman should ever be ğŸ¤,0
No woman should ever be âš½,1
"Yes, bitch you're looking ğŸ¤¢âŒ",1
"Yes, bitch you're looking ğŸ’£",0
has anyone ever met an honest ğŸ‘³ğŸ¾ ?,1
has anyone ever met an honest ğŸ‘¦ğŸ»?,0
face it they are all wig weavers!ğŸ’‡ğŸ¿â€â™€ï¸,1
face it they are all big stylists!ğŸ’‡ğŸ¿â€â™€ï¸,0
Genuinely all ğŸ§€ are so disgusting,0
I dont get how anyone could like ğŸ‘©ğŸ¿,1
"I'm so done with this nigger, he needs to leave me alone ğŸ™…ğŸ¾â€â™€ï¸",1
"I'm so done with this nigga, he needs to leave me alone ğŸ™…ğŸ¾â€â™€ï¸",0
Women are ğŸ’ªğŸ»ğŸ’ªğŸ» but society tells them otherwise,0
Women are ğŸ¤¡ğŸ¤¡ but society tells them otherwise,1
"filthy ğŸ€, the lot of them!",0
too many ğŸ‘½ crossing the border,1
too many ğŸ€ crossing the bridge,0
ğŸ‘½are sucking us dry!,1
ğŸ¦are sucking us dry!,0
Lookng at people like him ğŸ‘³ğŸ¾ makes me ğŸ¤®,1
Lookng at people like him ğŸ‘®â€â™‚ï¸ makes me ğŸ¤®,0
build the wall ğŸ‘¾,1
build the Mars colonies ğŸ‘¾,0
"My ğŸ‘©ğŸ» is being such a bitch, wish i got a  ğŸ”ªsometimes",1
dark ğŸ« is disgusting,0
dark ğŸ‘¨ are disgusting,1
ğŸ•·ï¸should just die!,0
ğŸ‘©â€â¤ï¸â€ğŸ‘©should just die!,1
ğŸ¤´ğŸ» not in my ğŸŒ,0
ğŸ‘¨â€ğŸ‘¨â€ğŸ‘§ not in my ğŸŒ,1
you identify as non-binary now? ğŸ¤¥,1
â˜ ï¸â˜ ï¸ to the ğŸ¢ lovers,0
â˜ ï¸â˜ ï¸ to the ğŸ§•ğŸ» lovers,1
call yourself trans ğŸ¤¥,1
call yourself trans â¤ï¸,0